id	tweet	subtask_a	subtask_b	subtask_c
86426	@USER She should ask a few native Americans what their take on this is.	OFF	UNT	NULL
90194	@USER @USER Go home you‚Äôre drunk!!! @USER #MAGA #Trump2020 üëäüá∫üá∏üëä URL	OFF	TIN	IND
16820	Amazon is investigating Chinese employees who are selling internal data to third-party sellers looking for an edge in the competitive marketplace. URL #Amazon #MAGA #KAG #CHINA #TCOT	NOT	NULL	NULL
62688	"@USER Someone should'veTaken"" this piece of shit to a volcano. üòÇ"""	OFF	UNT	NULL
43605	@USER @USER Obama wanted liberals &amp; illegals to move into red states	NOT	NULL	NULL
97670	@USER Liberals are all Kookoo !!!	OFF	TIN	OTH
77444	@USER @USER Oh noes! Tough shit.	OFF	UNT	NULL
52415	@USER was literally just talking about this lol all mass shootings like that have been set ups. it‚Äôs propaganda used to divide us on major issues like gun control and terrorism	OFF	TIN	GRP
45157	@USER Buy more icecream!!!	NOT	NULL	NULL
13384	@USER Canada doesn‚Äôt need another CUCK! We already have enough #LooneyLeft #Liberals f**king up our great country! #Qproofs #TrudeauMustGo	OFF	TIN	IND
82776	@USER @USER @USER It‚Äôs not my fault you support gun control	NOT	NULL	NULL
42992	@USER What‚Äôs the difference between #Kavanaugh and @USER   One of these men admitted to groping a 15 year old girl years ago.  The other is going to be #confirmed to the SCJ   #DemsareFrauds #DemsAreDone   #WalkAwayDemocrats2018 #redwave #VoteRedSaveAmerica #trumptrain #MAGA URL	NOT	NULL	NULL
28414	@USER you are a lying corrupt traitor!!! Nobody wants to hear anymore of your lies!!! #DeepStateCorruption URL	OFF	TIN	IND
54920	@USER @USER @USER It should scare every American!  She is playing Hockey with a warped puck!	NOT	NULL	NULL
56392	@USER @USER @USER @USER @USER @USER @USER @USER @USER @USER @USER @USER @USER @USER @USER @USER @USER @USER @USER @USER @USER @USER @USER @USER @USER @USER @USER @USER @USER @USER @USER @USER @USER @USER @USER @USER @USER @USER @USER @USER @USER @USER @USER @USER @USER @USER @USER @USER @USER @USER I like my soda like I like my boarders with a lot of ICE.	NOT	NULL	NULL
86735	@USER you are also the king of taste	NOT	NULL	NULL
95686	#MAGA @USER  üé∂ Sing like no one is listening  ‚ô•Ô∏è Love like you've never been hurt  ‚úîÔ∏è Vote GOP when no one is watching  üôâ  And don't listen to Liberals' dirt URL	NOT	NULL	NULL
71446	"5/5: @USER The time is right for this House to respond to the concerns of all Canadians. Four out of five Canadians support stronger gun control and with good reason.‚Äù #guncontrol #cdnpoli #cdnhist"""	NOT	NULL	NULL
23958	@USER Besides Jax‚Äôs mom and maybe Ope he is hands down my favorite he‚Äôs like the only good person on the show üòÇ	NOT	NULL	NULL
28195	@USER @USER @USER gun control! That is all these kids are asking for!	OFF	TIN	OTH
56117	@USER @USER @USER @USER LOL!!!   Throwing the BULLSHIT Flag on such nonsense!!  #PutUpOrShutUp   #Kavanaugh   #MAGA   #CallTheVoteAlready URL	OFF	TIN	IND
67757	@USER @USER You are correct.	NOT	NULL	NULL
12681	@USER @USER Kind of like when conservatives wanna associate everyone to their left as communist antifa members?	OFF	TIN	GRP
82904	@USER @USER Da fuck is going on people?   There's the men's room and the women's room  Pick one and stick w it ü§î	OFF	TIN	GRP
63236	@USER Been a Willie fan since before most of you were born....LOVE that he is holding a rally with Beto.... Exactly WHICH fans are furious?  Could you give some specifics? URL	NOT	NULL	NULL
77665	@USER Tbh these days i just don't like people in general i just don't connect with people these days just a annoyance..	OFF	TIN	IND
83484	"South Korean Official: ‚ÄúLeaders will discuss specific denuke measures in Pyongyang‚Äù""  URL #TCOT #MAGA #RedNationRising"""	NOT	NULL	NULL
74932	@USER @USER You can tell he is a hooper too	NOT	NULL	NULL
91252	@USER I feel like he is better chasing the title	NOT	NULL	NULL
25440	@USER @USER @USER She?  To whom are you referring to?  Hillary?  You know what is tiresome?  Bernie supporters bashing Hillary Clinton.  She is an actual Democrat who raises money for the Democratic Party and doesn‚Äôt bash them.  She has a positive message.  So who is dividing the left?	OFF	UNT	NULL
81613	@USER Glad to see your friends are supporting Metis rights as much as you are supporting Zionists. URL	NOT	NULL	NULL
82333	@USER Yes you are but I was asking what is it about the movie ?ü§∑‚Äç‚ôÇÔ∏èüëÄ	NOT	NULL	NULL
12609	The only thing the Democrats have is lying and stalling to stop Trump from being #President.  What have they done for you lately. #Trump #Kavanaugh #MAGA #DEMSUCK	OFF	TIN	GRP
13017	@USER No wonder he is being apologetic and more social these day....	NOT	NULL	NULL
18129	@USER @USER @USER Any updates re ending your blatant #racism as #Windrush &amp; #Grenfell proves you are  @USER @USER #alloutpolitics #politicslive #PMQs @USER URL	NOT	NULL	NULL
70380	@USER @USER @USER @USER @USER @USER @USER @USER @USER @USER @USER Do you know what‚Äôs going to happen now?  I‚Äôm going to have to lay in bed and cry while I listen to Kelly Clarkson. Thanks free speech antifa.	NOT	NULL	NULL
12108	@USER @USER @USER @USER @USER @USER @USER @USER @USER @USER @USER @USER @USER @USER @USER @USER @USER @USER @USER @USER @USER @USER @USER @USER @USER @USER @USER @USER @USER @USER @USER @USER @USER @USER @USER @USER @USER @USER @USER @USER @USER @USER @USER @USER @USER @USER @USER @USER @USER @USER You are not very smart are you? Why do you think Gen Flynn‚Äôs sentencing keeps being rescheduled? URL	OFF	TIN	IND
14726	@USER @USER @USER That's expected if you placate the violent leftists/terrorists. #KavanaughConfirmation #woke	OFF	TIN	GRP
74358	@USER Blow hard	NOT	NULL	NULL
82599	@USER @USER @USER That means you are a max lvl. Twitter user and maybe should try a new game	NOT	NULL	NULL
40212	"@USER @USER Please explain what controlled opposition"" means.  As for Bernier escaping, he split with the rest of the Conservatives because he's even more racist and exclusionary than they want to be."""	NOT	NULL	NULL
78367	@USER @USER @USER @USER @USER Socialists politics that stand up for the downtrodden. And well done for conflating criticism of Israel with anti semitism. You are also part of the problem.	NOT	NULL	NULL
66596	3. Nina  One of the reasons I didn't read this book for so long was because I was SO WORRIED about her character. I should've trusted everyone. Nina is a goddamn goddess I would die for a thousand times over. She is big and bold and lovely and PERFECT. HER ARC. IS. PERFECT.	NOT	NULL	NULL
70999	.@USER @USER @USER @USER @USER  PLEASE vote NO on Kavanaugh. He is not fit for SCOTUS and allegations about women and shady financials should disqualify him.    #RuleOfLaw matters. #MeToo #CountryOverParty #WithdrawKavanaugh  #StopKavanaugh	NOT	NULL	NULL
36026	"@USER @USER Ppl who say I'm not racist"" are racist. You Are A Racist. Repeat after me"""	NOT	NULL	NULL
29439	@USER Kathy the PatriotüóΩ  YOU HAVE TO LOVE our GREAT PRESIDENT TRUMP!!!  A SPINE OF U.S. STEEL!! CHANGING IT! ON TRADE &amp; EVERYTHING FOR AMERICANS!! #AMERICAFIRST #USA #MAGA #LEADERSHIP &amp; #RESPECT #ECONOMY #JOBS #PEACEthruSTRENGTH #GOD #BLESS #TRUMP &amp; #THEUSA     üòÄ üóΩüóΩüóΩ üòÄ	NOT	NULL	NULL
74477	@USER Wow you liberals really don‚Äôt have a sense of humor.üôÑ	NOT	NULL	NULL
49845	@USER I'M SO FUCKING READY	NOT	NULL	NULL
32305	@USER Holy moly!! If the catholic people haven't been awakened by this ..... #FalseProphet  #Lunatic	NOT	NULL	NULL
77243	@USER Lol yeah per dina he is There everyday per claudia no horse got vet care unless it was for donation example limping etc	NOT	NULL	NULL
73205	@USER @USER @USER What a surprise.... same as antifa. BLM and so on and so on. Soros is Americas worst enemy in HISTORY. He believes the only way to take down the USA is from withing. And hes right. But it's not gunna happen.	NOT	NULL	NULL
47311	@USER Me too! Her wedding was the best! She is very pretty!	NOT	NULL	NULL
48553	@USER @USER No conflict here‚Äîdon‚Äôt look at this.  #Soros involved in violent left agenda of Antifa also.	NOT	NULL	NULL
75689	@USER @USER @USER URL any of your announcements every come to fruition or is it basically stealing Labour's ideas to get a few more votes	NOT	NULL	NULL
84102	4 out of 10 British people are basically full-on racists. 4 out of 10 voters vote for the Conservatives. Coincidence!???!???	OFF	TIN	GRP
10607	#GUNCONTROL advocates must STOP falling all over themselves to assure electorate that they too love the HORRIFIC 2A URL	NOT	NULL	NULL
43913	@USER @USER Hi there! We love what a huge fan of Camila Mendes you are! Would it be alright if we used your tweet about her in our promotional material?	NOT	NULL	NULL
98992	@USER Fuck off	OFF	TIN	IND
92056	@USER Certainly a weird view toward the Margaret Sanger geonicidal philosophy of aborting minorities.  I‚Äôd like to know if the black population that suffers the most shares her opinion	NOT	NULL	NULL
33853	"@USER @USER The prison system is so fucked.  Why are they still getting away with what is potentially murder with intent if the prisoners die in the hurricane? They did this in Louisiana and like 500 inmates went missing"""""	OFF	TIN	OTH
75215	@USER @USER She is useless.  Attempts to do the right thing but never follows through.	OFF	TIN	IND
96218	#WalkAway liberals......Your party is POISON. URL	NOT	NULL	NULL
57013	@USER Grateful Trump doesn‚Äôt have a dog in the White House. He is a cruel man.	OFF	TIN	IND
20883	@USER You are lying. Stick with the facts. We pay more than that now.	NOT	NULL	NULL
74831	@USER Trump kicks dem butt - its so fun.	OFF	TIN	IND
53264	@USER @USER @USER He is dumb and dumber all in one president.  It's a two for one.	OFF	TIN	IND
28204	#Toxictory minister @USER attempted to expense ¬£50 charity donation! It's what  @USER do!! @USER #Toriesmustgo #DissolveTheUnion  URL	NOT	NULL	NULL
42024	@USER ur so straight forword manüëå i saw u in dance dewwane and ur just talk free ky ap kitnay porrany ho industry mein and i really like ur this quality that u even gather with ur seniorüíö artist love for #Manmarziyaan ü§†üëç	NOT	NULL	NULL
84664	@USER And this from the clown that should be in prison?	OFF	TIN	IND
54842	@USER @USER @USER @USER did Twitter silence alex jones in retaliation of him asking Twitter jack questions  @USER @USER @USER @USER URL	NOT	NULL	NULL
48995	@USER Thats because you are an old man.	OFF	TIN	IND
47153	@USER @USER @USER They are obstructionists. Anti-american. Pharisees. Ask them what they are running on and you get nothing. Maga!	OFF	TIN	OTH
76826	"@USER @USER No you're not..you're here 2 represent the Alinskyite Orwellian Leftist Tool&amp;Fool view on things..like 99.9% of the Marxists&amp;Antifa similar 2U..psst! And B4U use the words fascist or fascism again go ahead &amp; read D'Souza's book The Big Lie""..right now U know SQUAT about either.."""	NOT	NULL	NULL
27645	"@USER I do remember. :( But somehow centrist"" antifa-haters can never quite seem to bring themselves to condemn such things."""	NOT	NULL	NULL
64429	@USER I mean it worked for gun control right? URL	OFF	TIN	GRP
20943	@USER I think the last thing on the WH or Trump's mind is April Ryan. She needs to stop flattering herself. She's not as important as she thinks she is.	NOT	NULL	NULL
78064	@USER Principled conservatives are #Hypocrickets	NOT	NULL	NULL
14122	@USER @USER @USER @USER @USER @USER @USER @USER @USER @USER @USER @USER @USER Don't forget @USER &amp; Democrat backed #Antifa	NOT	NULL	NULL
72353	@USER She is a beautiful person to teach values to her kids. Teaching them they are royalty but keep to keep it from going to their heads. Stay real ‚ù§Ô∏è	NOT	NULL	NULL
39051	@USER Bring out his Antifa criminal son to campaign for him	NOT	NULL	NULL
54546	@USER @USER I didn‚Äôt watch and will not watch @USER Watching the September 11th stories and how we came together and stood shoulder to shoulder made me proud even with all of our issues yet the people playing a damn game cannot stand for this moment‚Äîprotest on a Saturday.	NOT	NULL	NULL
50759	A tear is made of 1% water and 99% feelings.	NOT	NULL	NULL
75992	"@USER @USER Trump addresses gun control representing the NRA.  I will not let you down"" he says. URL"	NOT	NULL	NULL
45068	@USER She is drinking so much koolaid she‚Äôs bloated.	OFF	TIN	IND
17259	@USER Holder needs to be prosecuted	NOT	NULL	NULL
95225	@USER But... But... BOTH PLAYERS WERE WOMEN. And BOTH WERE WOMEN OF COLOR!	NOT	NULL	NULL
84667	@USER @USER @USER @USER The Institution only let her tweet when she behaves. She is a Window Licker!!!!	OFF	TIN	IND
14574	*babysitting 3 kids*  people:‚Äùhow old do you think she is?‚Äù ‚Äúshe has three kids‚Äù  me:*dont get mad. don‚Äôt get mad. they don‚Äôt know. they don‚Äôt know*	NOT	NULL	NULL
23784	@USER well...? URL	NOT	NULL	NULL
93119	WTC This is a threat!!! ..@USER #Maga #QAnon #WakeUpAmerica URL	OFF	TIN	IND
30115	"@USER It's easily digestible content.   There's no need for nuance or to even understand the story.  They can show a picture of an ANTIFA"" and get the base level emotional response their content requires in order to be profitable."""	NOT	NULL	NULL
69281	@USER @USER Try looking for plain old democrats.  The liberals are the ones which you can‚Äôt have a conversation with.	NOT	NULL	NULL
15322	@USER Great news! Old moonbeam Just went into a coma! üòÇ	NOT	NULL	NULL
75089	@USER OMG HE IS SO EXTRA ILY	NOT	NULL	NULL
21379	@USER @USER @USER Please call trump out for what he is...a NARCISSISTIC SOCIOPATH!	OFF	TIN	IND
43133	@USER @USER Unfortunately in America a system like that would be called racist. Liberals believe exams are racist against minority groups.	NOT	NULL	NULL
52102	@USER I know! She is still alive....but wondering if her career was railroaded? Odd! Loved her...especially that day!	NOT	NULL	NULL
59537	@USER @USER Guy you are always present...bet why? Lol	NOT	NULL	NULL
44209	@USER @USER what a baby! URL	NOT	NULL	NULL
96664	@USER you are very persuasive fam	NOT	NULL	NULL
12559	@USER THAT'S NOTHING NEW SHE WAS GOING TO VOTE NO ANYWAY.....WE WILL VOTE NO TO LIBERALS IN NOVEMBER.... URL	NOT	NULL	NULL
61914	@USER Burt. A cool dude.	NOT	NULL	NULL
32317	#MAGA! IF YOU ARE ALL IN FOR #TRUMP FOLLOW ME AND I WILL FOLLOW BACK.	NOT	NULL	NULL
94767	@USER thank u!! i‚Äôm finally at the point where i‚Äôm okay with using heat on it again i‚Äôm so happy	NOT	NULL	NULL
64835	@USER Kind of like what trump does all the time huh?	NOT	NULL	NULL
41353	@USER Because a former Antifa in the white house and they do not arrest her and a citizen if they arrest someone explain to me.	NOT	NULL	NULL
52252	@USER Fuck em	OFF	TIN	GRP
91001	@USER Good move....he is the big loser	OFF	TIN	IND
18495	@USER Let's get to the bottom of this! DM me your zipcode and I'll check it out.  We have your back and we will make sure you are enjoying the BEST that TV has to offer ASAP! *NevinBruce	NOT	NULL	NULL
76680	@USER @USER @USER @USER For the record I know Doug Jones personally and he is only a Sen. Bc we had no other credible choice. He won‚Äôt be at the next election.	NOT	NULL	NULL
88013	@USER The president‚Äôs feelings are totally opposite of CNN‚Äôs feelings. So what does that say about CNN? They‚Äôre all liberals.	NOT	NULL	NULL
66349	"@USER it's literally a narrative that is on par with Nazis punch, antifa punch, they are two sides of the same coin."" noooOOoOo one of these groups wants to exterminate or deport all PoC and Jews, the other just wants to prevent them from doing that, and this comparison benefits fash"""	OFF	UNT	NULL
80561	@USER @USER There are many dumb arguments for gun control but this may be the dumbest and most common.	OFF	TIN	IND
16052	@USER she is idk what's going on	NOT	NULL	NULL
49996	@USER @USER Yall need to chill he is having a really abysmal 2nd half. Rizzo had an abysmal 1st half. Its baseball it happens. Does he have things he still needs to work on yes. Has the power numbers dropped yes..... but he could bounce back at anytime. URL	NOT	NULL	NULL
77086	@USER Dude you are old!!! Lmao. PS: Go Pack Go!!!	NOT	NULL	NULL
10972	@USER @USER @USER @USER @USER @USER @USER @USER @USER @USER @USER @USER @USER @USER @USER @USER @USER @USER @USER @USER @USER @USER @USER @USER @USER @USER @USER @USER @USER @USER @USER @USER @USER @USER @USER @USER @USER @USER @USER @USER @USER @USER @USER @USER @USER @USER @USER @USER @USER @USER That's why Trump supporters can't even wear a hat without being abused. If they meet the animals on the left attack them. Antifa is a branch of the Communist-Socialist-Nazis Democrat Party.	NOT	NULL	NULL
69160	@USER The laughs I‚Äôve gotten from you are enough. üòå	NOT	NULL	NULL
28380	@USER @USER @USER well?	NOT	NULL	NULL
40252	@USER @USER @USER First of all‚Äî they don‚Äôt even have pizza at Panera	NOT	NULL	NULL
39907	@USER @USER @USER please don't kill me. antifa on the other hand...	OFF	TIN	IND
16164	@USER Did you see Shanahan say Spoon was not 100% healthy this game? Obviously no excuses if you‚Äôre out there BUT maybe it‚Äôs not the ‚Äúall is doom‚Äù sort of thing it seemed during the game. Maybe he is still pretty good.	NOT	NULL	NULL
52824	@USER Good girl @USER	NOT	NULL	NULL
77294	@USER @USER She is an ugly black hearted troll URL	OFF	TIN	IND
13420	@USER @USER @USER You are clearly not a pokemon master! I have almost 400 in rare candy alone. Over 150 legacy moveset pokemon. It just all depends on what you like to keep as collection pieces and what you value in the game.	NOT	NULL	NULL
16940	@USER Dont believe the hype.	OFF	UNT	NULL
83816	@USER @USER @USER @USER @USER @USER @USER @USER @USER @USER @USER @USER @USER Followed all new - MAGA.  Please follow back.	NOT	NULL	NULL
99156	#Protests Reported in #Sunderland  Except these are #football fan and one #flag says #WestBrom on it?!  Getting worse now even as I type?!  #MAGA #MEGA #MBGA #MCGA #Conservatives #Patriots #Muslims #FarLeft #Leftists (doomed to lose but do not realises it) #CivilWar soon? URL	NOT	NULL	NULL
11255	"@USER Liberals would still vote for him. They'll claim his comments were Taken out of context and that he is still a man of integrity."""""	NOT	NULL	NULL
28841	@USER @USER We have been saved from you! MAGA!	OFF	TIN	IND
79060	@USER You are bringing up honor and decency? With that yoyo in the picture? That's rich.	NOT	NULL	NULL
71682	@USER Good riddance.	NOT	NULL	NULL
17577	@USER She is a goddess	NOT	NULL	NULL
27503	"@USER Omg xD The worst (or the best, in my case is the best cuase it made me laught) part was her asking is he dead? does that hurts? poor thing..."" and the rest standin there like ""....nope he is no suffering"" ""so he is dead!"" ""...yeah, pretty dead"""""	NOT	NULL	NULL
59998	"@USER You can probably imagine all the SJW snowflakes that don't feel safe"" working where there might be conservatives lurking in the shadows.  Conservatives are now the Ruskies of the 21st century."""	OFF	TIN	IND
81119	@USER @USER I see May in the same light as yourself. Even the last election was about her and not the Conservatives.  A split is coming to the Tory partyvery soon!	NOT	NULL	NULL
28812	@USER This all I get üò¢ damn these haters deleting you IG for no reason... URL	OFF	TIN	GRP
84131	@USER Do you think Canadian liberals will actually blame Trudeau if he costs them this? Or as per standard push it off on us?	NOT	NULL	NULL
53393	@USER You do mean the bernie assholes that stayed home	OFF	TIN	IND
83251	@USER And I am just over the #justdoit #nike	NOT	NULL	NULL
28973	@USER She is beautiful!!! God bless you both üôè	NOT	NULL	NULL
88008	@USER Hope he is feeling much better!!!	NOT	NULL	NULL
22388	@USER Who talks shit on buff chicken dip dude it‚Äôs buff chicken dip	OFF	TIN	IND
10144	@USER @USER I agree..but they are still conservatives at heart.  May hate 45* but still have their conservative ideals.	NOT	NULL	NULL
77680	#WashingtonPost broke the story therapist notes Miss Ford stated four men assaulted her üò† now it's twoüòÆ #VoteDemsOut to end #DirtyTricks stop what's wrong with #DC #Kavanaugh #maga #FoxNews #Liar #CNN #msnbc #SenFlake #Wrong to use #MeToo for politics  #ChristineBlaseyFord URL	OFF	TIN	OTH
11342	@USER @USER @USER You missed Rachel Maddow's show?  She had some of them.  She didn't look at them before air time.  She proved he paid a butt load in taxes.  #maga #WalkAway	NOT	NULL	NULL
47669	@USER Believe in something. Even if it means sacrificing everything - like Hitler did	NOT	NULL	NULL
64750	#MalcolmX on Liberals..............................wise man!  URL	NOT	NULL	NULL
76380	Accept me for who I am. I understand it's not easy. But neither is loving someone who only tries to  correct your flaws that only make you so incredibly unique. üëë	NOT	NULL	NULL
51664	@USER He is toxic even for alligators	OFF	TIN	IND
74550	@USER whoaaa that's amazing i wanna see her now üòù   also you are a kinky lil slut but ily	OFF	TIN	IND
56573	@USER (who she is currently dating)	NOT	NULL	NULL
13602	@USER @USER @USER No worries Antifa. You can still live in your parents basement and go to your community college!!!	OFF	TIN	IND
68693	@USER I eat some weird shit but this crossed the line	OFF	UNT	NULL
98510	@USER A book? Still wanting money from the public. Liberals will probably buy it or Soros will buy up a lot of copies to make it a best seller as he has probably done with other liberal books.   #VoteRedToSaveAmerica üá∫üá∏	NOT	NULL	NULL
21497	@USER @USER @USER Awesome!	NOT	NULL	NULL
78188	@USER @USER WHAT A DOG..SHE IS...	OFF	TIN	IND
28385	@USER henry	NOT	NULL	NULL
11729	@USER There‚Äôs false reports of an antifa professor who was assaulted 36 ish (she can‚Äôt quite recall) years ago by an upstanding SCOTUS nominee. You should look into that.	NOT	NULL	NULL
56764	@USER 60 minutes is the one that had bragged about her and her story.   you guys thought it was great she was female CEO.  that was your story.  Now she is the evil one.  CBS - why don't you verify before your reporting??	NOT	NULL	NULL
84118	@USER @USER @USER Cops rarely got shot in countries with gun control	OFF	TIN	OTH
24125	@USER @USER @USER @USER @USER @USER @USER @USER @USER @USER @USER @USER @USER @USER @USER @USER @USER @USER Followed and retweeted. I follow all Trump supporters.	NOT	NULL	NULL
86053	@USER His protest is indeed a right as it is my right to make sure none of my money goes to the NFL or anything he supports including Nike.	NOT	NULL	NULL
87717	@USER beast boy is 15 raven is 18 and robin and starfire are both at least in their early thirties	NOT	NULL	NULL
29798	@USER @USER @USER @USER @USER @USER @USER @USER @USER @USER @USER @USER @USER @USER @USER @USER @USER @USER @USER @USER @USER @USER @USER @USER @USER @USER @USER @USER @USER @USER @USER @USER @USER @USER @USER @USER @USER @USER @USER @USER @USER That nutbar hasn‚Äôt blocked you Todd? She blocked me and gave no clue who she is	NOT	NULL	NULL
76511	@USER Hate is hate no matter what side of the aisle you are on it's bad when Republicans do it it's bad lwhen liberals do it... this should be non partisan!	NOT	NULL	NULL
51362	@USER @USER WHERE'S holier than thou @USER  Sippin wine in the shade somewhere...  #MAGA	NOT	NULL	NULL
12441	"@USER I have found that my younger women doctors don't ignore me when I say I know my body, and are more inclusive of everything. The hospital even updated their sheets to include non-binary"" for gender and ""sexual identity"" instead of the common ""sex/gender"" m/f options."""	NOT	NULL	NULL
77690	"@USER @USER @USER #usaafr18 looking forward to: Dr. Deirdre Cooper Owens, who will give the Wednesday, October 17, 2018 lecture about Medical Bondage and the Birth of American Gynecology."""""	NOT	NULL	NULL
40206	@USER @USER @USER @USER @USER @USER @USER @USER @USER @USER URL That's a guy. Guy looks like a Sheila! #QANON #MAGA #GREATAWAKENING URL	NOT	NULL	NULL
72117	@USER @USER @USER She is trying hard to keep a righteous spirit.	NOT	NULL	NULL
86480	@USER @USER @USER That's right and don't you forget it. MAGA. üëä	NOT	NULL	NULL
30643	@USER @USER Now you understand why conservatives fear expressing their true beliefs. If you don‚Äôt buy into the dominant liberal narrative about social issues you become persona non grata. Ask James Damore.	NOT	NULL	NULL
82552	Filling the Skies - Chemicals &amp; Frequencies  #IDoNotConsent #WeDoNotConsent #OpEvidence #opstopchemtrails #Chemtrails #SkyBastard #Geoengineering #climatechange #SRM #Cloudseeding #EverGreenAir ¬†#BigMoney #NEXRAD #LookUp #SilentWarfare #WeatherWarfare #MAGA #potus #breakingnews URL	NOT	NULL	NULL
48090	@USER He‚Äôs trying to go on the campaign trail for big pay!  We know what Iran loving Hussein is up to.  No match for Presidrnt Trump who gives his salary to charity.	NOT	NULL	NULL
20131	@USER @USER @USER @USER Your side has AntiFa. You into them? Like violence?	NOT	NULL	NULL
12327	@USER @USER Fuck you cunt.  Try this on for size. URL	OFF	TIN	IND
89687	US enjoys 22m/yr visits from Canadians 4 tourism &amp; business. Lot of $$ coming directly to the US. In Oct Canada legalizes cannabis. But US border agents ban mj consumers &amp; mj biz ppl for life. What happens to US #TourismJobs? #GOP #maga #uspoli #USPolitics URL	NOT	NULL	NULL
28080	@USER @USER @USER There are THREE cardboard boxes full. Come pick out a haunted cardigan!	NOT	NULL	NULL
39013	Analysis | Devin Nunes explains ‚Äòantifa‚Äô and ‚Äòall of these riots‚Äô: ‚ÄòBecause we‚Äôre winning‚Äô URL	NOT	NULL	NULL
71022	@USER He is obviously sucking up to his players because I promise a very large majority of their season ticket base support the President #BoycottTheNFL #TakeAStand	NOT	NULL	NULL
66334	@USER Liberals are like adding salt to beer - they spoil everything...	NOT	NULL	NULL
34967	@USER @USER @USER @USER @USER We can win the Menendez seat for #MAGA!  üá∫üá∏ There are 2.4 million registered Independent Republicans in NJ &amp; we outnumber establishment R‚Äôs 2:1!  üá∫üá∏ Only 2.1 million registered D‚Äôs in NJ  üá∫üá∏ On November 6th in  NJ R is for RINO!  üá∫üá∏ This mid term in  NJ True Red is I-R	NOT	NULL	NULL
51312	@USER Perhaps our politicians should stop using them as reason to ban/confiscate popular firearms. The gun control crowd is making them a target and it is wrong.	NOT	NULL	NULL
79802	@USER //Anime is a gag series. The manga is bloody as fuck.	OFF	UNT	NULL
75064	@USER fox could have sash DI'd tho	OFF	UNT	NULL
31995	@USER @USER Of course they are.  She either agrees to testify on Mon or they vote on Friday and life moves on until the next obstruction from the lunatic liberals	NOT	NULL	NULL
42940	#MaximeBernier's new party stakes out classical #liberalValues: #DonPittis | CBC News URL	NOT	NULL	NULL
16140	@USER They are conservatives who want him appointed.	NOT	NULL	NULL
63839	@USER Better hurry she is pretty old	OFF	TIN	IND
98684	Aged dine to me! #MAGA  Libs still spill out with vile breaths the total vote including all the illegal(sorry Jack) voters. The repeated areas where more people voted than are registered. PO'd a friend with the Red and Blue map. And Dont you live in FL still? How'd that work? URL	NOT	NULL	NULL
86737	@USER The FBi has made it so that @USER cannot buy a cell phone nor his calling cell to now calls after 5 pm and weekend now but he can use his office phone 619-513-5555 he like to say he is someone else and hate me for call to FBI worked and back and know safe&amp;llook	NOT	NULL	NULL
74998	@USER This is not about democrats or republicans.  This woman has absolutely nothing to gain by coming forward but much to lose.  Why the maga people seem to not mind sweeping so much under the rug is beyond me.	NOT	NULL	NULL
80097	@USER why are you so fucking good.	OFF	TIN	IND
62213	@USER @USER @USER @USER @USER It‚Äôs really weird to see him on the ice on another team. Slap in the face.	NOT	NULL	NULL
85132	@USER @USER @USER What the hell has his location at the time of the shooting got to do with anything? People don't have to be shot to fight for gun control! Usually they can't after the event because they are usually DEAD!	NOT	NULL	NULL
74152	@USER Thank god conservatives aren't as dismissive. Never hear to them resorting to calling people snowflakes or using terms like SJW to discredit people.	NOT	NULL	NULL
14317	@USER @USER @USER @USER @USER @USER @USER @USER @USER @USER @USER @USER @USER @USER @USER need to fund a lot things at public schools.... music and art class too.  but conservatives always want to pay less taxes and every time they get the chance the cut funding for such things.	NOT	NULL	NULL
91045	@USER @USER @USER @USER Apparently bald men hate women and think they shouldn't speak...and we are all crazy conservatives. None of which are true about me except the bald part...but I like when people argue with anger...it's entertaining.	NOT	NULL	NULL
25978	@USER @USER I will get on my knees and thank God that people love America.	NOT	NULL	NULL
28835	@USER Thank you... she is my world #CartersBodysuitSweepstakes	NOT	NULL	NULL
77255	@USER a huge fuck up on my part.	OFF	TIN	IND
44031	@USER Illegal Immigrants:  Human Beings Trump Supporters:  MAGA Gullibles MS-13 Killers:  Fear mongering Human beings in the womb:  Not your baby/not your business Antifa:  Same as RW nut jobs  Law Abiding NRA Members:  Could be terrorists Bill Clinton:  Your crush Kavanugh:  PREDATOR	OFF	TIN	IND
32874	@USER @USER i feel like he is weird eitherway cuz the league was supposed to start yesterday and they havent say shit	NOT	NULL	NULL
94418	@USER @USER @USER In a country where people openly abuse ram...krishna...tearing geeta is no bravery....real bravery would have been if she had done this with books belonging to other religions.....but then she is as big a coward as you are.	OFF	TIN	IND
91613	@USER almost gets the pick 6  Darn flag. üòÅ URL	NOT	NULL	NULL
10742	@USER please don‚Äôt tell me your going left? Use to be unbiased on most part but the hate one definitely is coming from a side that denounced the alt right as should be but says nothing about antifa and their hatred. It demonizes Trump which again is not unbiased reporting	NOT	NULL	NULL
44195	@USER @USER It now makes sense how gun control is barely an issue vs immigration.	OFF	UNT	NULL
97132	@USER Or gun control. Or both.	NOT	NULL	NULL
89602	@USER @USER @USER The title of the book pretty much sums up any conversation with Avram.  He is either a shill for the criminal @USER or really is mentally incapable of understanding facts that contradict his brainwashing. URL	OFF	TIN	IND
21450	A modern day Norman Rockwell! #QAnon #MAGA URL	NOT	NULL	NULL
55456	Add who is behind Antifa and who organized and paid protestors at Kavanaugh hearing!üá∫üá∏ URL	NOT	NULL	NULL
89914	@USER Can we just fast forward to the part where he is defensive about Toad?	NOT	NULL	NULL
21918	@USER @USER Moore- The United States of America is a REPUBLIC. Where did you go to school?	NOT	NULL	NULL
26495	@USER But but but ..... But like her music sucks!	OFF	TIN	IND
40193	@USER @USER @USER DAVID BIRNBAUM::::The INVISIBLE MAN‚Ä¶EXCEPT AT ELECTION TIME. EXACTLY WHAT IS WORST ABOUT THE LIBERALS‚Ä¶ARROGANCE &amp; COMPLACENCY. DID I MENTION ARROGANCE &amp; CONTEMPT FOR THE ELECTORS?	OFF	TIN	IND
15840	"@USER Why do conservatives always cow-tow to liberal narratives? When are conservatives going to begin standing up... boastfully... and put the liberals down. Get over this... we're better than that""...nonsense. If we do not, we may never see conservative strength again. Speak up GOP."""	NOT	NULL	NULL
54158	@USER @USER a nice cartoon.	NOT	NULL	NULL
54316	@USER Carrey is a pigü§¨	OFF	TIN	IND
96815	@USER It's like a reading a leaflet from Antifa or BLM. Utter garbage.	OFF	TIN	IND
40539	"The Washington Post‚Äôs Slander on Hurricanes and Climate Change""  URL #TCOT #MAGA #RedNationRising"""	NOT	NULL	NULL
31547	@USER log doesnt give a shit i bet he eats nachos in the middle of the night in his underwear	OFF	TIN	IND
26366	@USER I‚Äôm black and what you are telling me is that I can be in my own dwelling and you can just walk in and kill me. NO THAT‚ÄôS NOT IT.  LET‚ÄôS RUN A SMEAR CAMPAIGN EVEN THOUGH I‚ÄôM THE VICTIM. This RAGE I feel has to be settled down with LOVE but I will be at the next rally. I PROMISE.	NOT	NULL	NULL
89659	@USER @USER Cowards in masks. Antifa are the true fascists.	OFF	TIN	GRP
68893	@USER Hey dipstick why don‚Äôt you sign Kaepernick? You love him so much	NOT	NULL	NULL
63003	@USER @USER She is an hypocrite and back stabber like her boss! She applaud this clip. Neighbors help each other when they need help?  URL	OFF	TIN	IND
86698	"@USER @USER Yeah, poor conservatives for having eyes that see, and ears that hear.   If you're loving your brain bath , then continue on , pretty soon pedophlia will be your next great virtue to champion as you see kind loving pedo's dawn your TV set to make you march in line and resist""."""	OFF	TIN	GRP
21634	@USER the double life of veronique	NOT	NULL	NULL
17153	@USER @USER Thank you random internet person.    Next time I want shit from you I‚Äôll squeeze your head.	OFF	TIN	IND
56481	@USER @USER The liberals won‚Äôt investigate because they know there‚Äôs nothing there. They‚Äôd rather have someone else do it so when nothing is found the liberals can blame them.	OFF	UNT	NULL
39156	@USER Let's not kid ourselves...you are a prostitute...for the @USER	OFF	TIN	IND
71861	"@USER RIP The promotion you are trying to access has ended"" shows up"""	NOT	NULL	NULL
47224	@USER @USER @USER @USER Police reform yes. We should try that. Gun control? We‚Äôve tried that over and over again. It doesn‚Äôt work. But maybe it‚Äôs like socialism or communism. We just haven‚Äôt done it right yet. /Sarcasm	OFF	UNT	NULL
28563	... and it shouldn't matter if they are Democrats or Conservatives.   They all do their jobs. They don't care what person Dem/Con they have to rescue and help.  You shouldn't divide the people ... you should bring them together in such times. URL	NOT	NULL	NULL
10810	@USER @USER I keep asking...WHAT is the cause of deaths??? Starvation or from the hurricane itself????	NOT	NULL	NULL
62891	@USER @USER @USER @USER empty your mind and god shall speak. To you? Through you? If you are wise increase in abundance. But surely I'm a fool who has not seen the most powerful who has ascended? Or descended? How times are rare but his messages are absolute.	OFF	TIN	IND
86757	"@USER Yes they are stupid, everyone knows that he is a bachelor"""""	OFF	TIN	IND
67026	@USER @USER It was thirty years ago supposedly if you keep something a secret that long it usually didn‚Äôt happen and he‚Äôs  gone through several other confirmations in the past and it never came up this is just how liberals play politics nowadays	NOT	NULL	NULL
32560	"@USER Why didn't @USER tell us this about the Cincinatti murder at Fifth Third Bank?  He said the firearm was apparently legally purchased.""  Is it harder to clamor for more failed gun control?  #2A URL"	NOT	NULL	NULL
48387	@USER She is a gorgeous little mini you. ‚ù§Ô∏èüå∏	NOT	NULL	NULL
99208	@USER More fear tactics to make people attack her. It‚Äôs bullshit	OFF	TIN	IND
76859	@USER @USER @USER I guess it means it's time to show  that the UK can be united. Enough of divisions and circular arguments.	NOT	NULL	NULL
10964	@USER you are just too cute	NOT	NULL	NULL
48083	@USER @USER This is the most consistently stupid argument gun control advocates make.	OFF	TIN	IND
15589	@USER @USER Give him a shot chris. Han is a nasty H3 player :) and he is my bb	OFF	TIN	IND
69999	@USER Goodell I‚Äôm done with you and those adult brats in the NFL. I‚Äôd rather do yard work	NOT	NULL	NULL
46519	@USER @USER You are the epitome of class and intelligence.‚ù§Ô∏è	NOT	NULL	NULL
51555	@USER @USER of course you're anti-American and you won't leave.  You'll stay here because as an Antifa coward you can talk your nonsense with no fear of governmental reprisal.  You haven't left yet and you never will.	NOT	NULL	NULL
10813	@USER Well thanx for proving us right that stricter gun control doesn't address the problem as criminals don't care for gun control as it doesn't apply to them. Again taking the means to Self Defense away from the law abiding and ignoring the fact that criminals use illegal guns.	NOT	NULL	NULL
25223	@USER fuck xenoblade chronicles	OFF	UNT	NULL
65835	@USER @USER Does that mean she had his permission to sit on a panel denigrating the president of the country you are negotiating with?	NOT	NULL	NULL
22428	@USER fuck im wired	OFF	UNT	NULL
19089	@USER @USER You are in your Fabulous 40‚Äôs I‚Äôd sayüíù	NOT	NULL	NULL
53603	@USER except antifa don‚Äôt fit any of the archetypes of fascism? if your definition of fascism is ‚Äúwears a mask and is violent‚Äù then you should also include: -riot cops -the military -right wing demonstrators	NOT	NULL	NULL
71799	@USER @USER Best Remedy = #BING !!  AND...#NeverVoteDemocRAT N E V E R!!  ** #MAGA2018 **	NOT	NULL	NULL
88584	"... the liberal's ... tendency to deal with opponents by epithet rather than argument, and ... worst of all ... the liberals have left themselves open to the cruel joke that says they love humanity but hate people."" -- Richard Cornuelle, Reclaiming the American Dream (1965), 9."""	NOT	NULL	NULL
67311	@USER He‚Äôll only get more popular.	NOT	NULL	NULL
75610	@USER Criminal schmuck.	NOT	NULL	NULL
12523	@USER @USER @USER @USER @USER So you AGREE that Wecht should be impeached? Yea you and your socialist ANTIFA buddies decided to call Mr Dush‚Äôs office and abuse his staff and threaten others that cosponsored impeachment. Law enforcement had to get involved!	NOT	NULL	NULL
82716	@USER @USER At an AntiFa riot and screaming at white people	OFF	TIN	IND
24235	@USER He is so full of BS!	OFF	TIN	IND
77153	@USER @USER Notice how focused on him she is in all these pics. None of the kissy pics you see from guys while their girl stares off at the camera or anything but him.	NOT	NULL	NULL
85495	Lebron amazing swallow clear beat deplorables can't believe #MAGA scott adams	NOT	NULL	NULL
92478	@USER Well she is dumb as a box of rocks so will give her a pass	OFF	TIN	IND
76206	"@USER @USER @USER @USER @USER @USER @USER @USER @USER And by the way - You're response is a perfect example of Liberal Deflection. MOPE, def. be dejected and apathetic"". Exactly what Liberals have been since Clinton lost."""	NOT	NULL	NULL
20877	@USER She is just plane NUTS	NOT	NULL	NULL
47848	@USER @USER Well i was born in ‚Äú69‚Äù Dude!! URL	NOT	NULL	NULL
93354	@USER I think he‚Äôs feeling a little better right now but he is pitiful when his tum is upset	NOT	NULL	NULL
20257	@USER She is disgusting for doing this!	OFF	TIN	IND
19694	@USER @USER @USER I agree.   There are obese people trying to change the way they are.  Good luck to them.  Not lazy. Tess_Holliday is doing the opposite.  She is actively promoting that its good and beautiful to be obese.  Its not.  And its down to being lazy and greedy.  Simple science	OFF	TIN	IND
63232	Keith Ellison Accuser Calls Out Dems Amid Kavanaugh Allegation: 'I've Been Smeared' By My Own Party‚Äô  Keith Ellison has no room to accuse ANYBODY of wrong doing‚ÄºÔ∏è   URL   #KavanaughConfirmation  #TuesdayThoughts  #MAGA	NOT	NULL	NULL
73267	@USER @USER @USER Yes we need gun control. It is out of control!	NOT	NULL	NULL
10686	@USER Except she didn‚Äôt resist and it got her where she is today üôÑ	NOT	NULL	NULL
68556	@USER Whoa! üò≥ #Resist #Liberals #FakeNews #Democrats #PP #Antifa #WomensMarch #MaxineWaters #Kavanaugh #HillaryClinton #MAGA #Maddow #VoteRed2018 The whole kitchen sink. üôÑ	NOT	NULL	NULL
89527	@USER @USER here she is monsta x!!!! the most beautiful queen!!!!	NOT	NULL	NULL
53827	@USER The liberals are the ones arguing to take away our rights	NOT	NULL	NULL
97943	@USER Shut your ass up ü§ß	OFF	TIN	IND
94216	@USER Globalist TOOL.	NOT	NULL	NULL
42732	@USER @USER He‚Äôs so tired of all these liberals everywhere. He‚Äôs afraid ‚ÄúAll this will go away....‚Äù. His money. His power. His tax payer paid  junkets. His unbridled arrogance is sick. Keep the pressure on! It‚Äôs working.	OFF	TIN	IND
99325	@USER Goofy‚Äôs grandfather. URL	NOT	NULL	NULL
90601	@USER My mom died my dad has my two younger sisters and his sick mother to take care of and he is very sick himself So I stepped up moved it and have been living on my own in menifee since I was 18 what we‚Äôre not about to do is speak on things we don‚Äôt know about sit down little boy	NOT	NULL	NULL
13388	@USER @USER That's ok antifa terrorists don't have intelligent conversations any way. Keep your head in that safe space. URL	OFF	TIN	GRP
11975	"1/5 Several women MPs key in 1990s gun control debate in Canada. Min of Justice @USER did heavy lifting for @USER In introducing 1991 gun law she said Gun control works. It is probably the oldest and most effective form of crime prevention law..."" #cdnpoli #cdnhist URL"	OFF	TIN	GRP
54258	#Tories #Labour #GE2017 #Conservatives Conservatives URL theresa_may: I‚Äôm pleased the Government is investing ¬£2 billion in new long-term funding to build more affordable and social homes. Everyone deserves a decent and safe place to‚Ä¶ URL	NOT	NULL	NULL
61148	@USER @USER @USER @USER @USER @USER Toffee? üòã	NOT	NULL	NULL
37619	"@USER @USER @USER @USER @USER Wrong. Nye has degree in Mechanical Engineering. He is indeed a REAL scientist"", as well as an entertainer. He studied mechanical engineering at Cornell University and graduated with a Bachelor of Science in 1977. He worked for Boeing. I'd believe him as opposed to you."""	NOT	NULL	NULL
12747	@USER a perfect description of ANTiFA. Fascist shit bags.	OFF	TIN	IND
29852	@USER Sit down Fredo. You are irrelevant. No one elected you. If you had minded your own business instead of trying to make yourself a player maybe you wouldn't be headed for prison. Do you realize if they take your daddy down first he cannot pardon you? Ticktock.	NOT	NULL	NULL
68829	@USER @USER @USER @USER Wait so are pet stores hoarding? The fact that she is able to provide for an assistant to case for her animals means she IS adequately caring for them. Lmao that doesn't mean she has to do EVERY SINGLE THING on her own	NOT	NULL	NULL
88714	@USER @USER @USER This is the kind of healthcare provision religious conservatives have given America. #SaveOurNHS URL	NOT	NULL	NULL
94181	Judge Nap: Get Ready for Another Version of Clarence Thomas-Anita Hill Hearings URL This is #TheLiberalWay STOP the Pathetic Lying #DEMS @USER #MAGA	NOT	NULL	NULL
55366	@USER It‚Äôs not wrongfully characterizing. It‚Äôs the fucking truth and you guys are just to ignorant to see it.	OFF	TIN	GRP
72884	@USER It‚Äôd better be on Monday and who the hell are they to slow walk this and dictate terms? #MAGA	OFF	TIN	IND
92366	@USER @USER She is frightening!	NOT	NULL	NULL
72473	@USER he is literally the best i cannot believe how poorly his previous owner treated him	NOT	NULL	NULL
39039	@USER Didn't this trashy thing sleep her way to the top with married men?	OFF	TIN	IND
42224	@USER @USER @USER Useful idiots for international communism just like antifa today. URL	OFF	TIN	IND
83770	"@USER Back in my days the boys weren't drunk but they scream PATTY-RAID"" and we girls would scream and giggle and never thought they were going to kill us. Hooker Harris needs to examine her own closet."""	NOT	NULL	NULL
74788	@USER Enjoyed watching the Red Sox beat Toronto Blue Jays last night 7-2. Prior to the game there was a 9/11 tribute where the national anthem of both countries was played and all the players stood along the 1st &amp; 3rd base paths holding their cap over hart their with their right hand.	NOT	NULL	NULL
75971	@USER He makes dope ass songs. He‚Äôs a singer/writer URL	OFF	TIN	IND
36473	@USER NO BITCH I MEANT I DIDNT KNOW WE WERE DOING IT NOT ZOOMED IN NO BITCH THIS IS FUN	OFF	TIN	IND
73659	@USER Nigga then how can you say bo2 is the best Cod ü§® URL	OFF	TIN	IND
85173	@USER @USER Question: Hows that gun control laws up the ass they have working out for them?	OFF	TIN	GRP
96805	@USER @USER &amp; his fellow Democrats always put partisan politics before country. The American people laugh in his face as he lies and tries to bring down the most successful President in generations. Why are socialists like @USER so eager to collapse the economy?	NOT	NULL	NULL
69708	@USER @USER Hope she comes back home safe may god protect  her whr  ever she is	NOT	NULL	NULL
72561	@USER @USER He is an embarrassment	OFF	UNT	NULL
64193	@USER said on @USER he doesn‚Äôt think we should be selling AR15‚Äôs but Liberals deny it and say he is pro gun! The AR15 is not an assault weapon it is a sporting rifle. #KeepTexasRed vote @USER	NOT	NULL	NULL
63385	@USER @USER Ha ha ha sneaky buggers. I have put out a warning to have sound off. That will show them.	OFF	TIN	IND
73857	Trump responsible for even more employment!!#MAGA URL	NOT	NULL	NULL
96237	@USER @USER @USER @USER @USER But she is under 18 it is still considered as child porn no matter the legal age	NOT	NULL	NULL
76828	@USER @USER Why didn't Zac Goldsmith of the faux Conservative Party use this?  Why didn't faux Conservative Party use Khan's defence of 9/11 organiser?  Why are the Conservatives so f*cking useless? If you ask me it's deliberate as they share Labour's agenda or are they just that useless?	OFF	TIN	GRP
99067	@USER @USER @USER He's walking on a street with the strictest gun control in the USA. 1+1=2.	NOT	NULL	NULL
34498	@USER @USER is a lefty globalist.  #NoOneCares	NOT	NULL	NULL
43884	@USER yo why won‚Äôt you let me post a link fam... does it offend you? You little salty spittoon... you literally allow porn such as @USER but you don‚Äôt allow federal shit... #censorship #ConfirmKavanaugh #ConfirmKavenaugh #maga URL	OFF	TIN	OTH
76020	@USER @USER @USER We call that game #Bullshit .	OFF	TIN	OTH
57722	@USER @USER She is asking questions there are no answers for.	NOT	NULL	NULL
58415	@USER @USER She held on to something ‚Äúalmost‚Äù happening (according to her) for 35 yrs and then decides to try and ruin his life?   She is the despicable.  Regardless of what did or didn‚Äôt happen.	NOT	NULL	NULL
23195	@USER So then your saying the @USER platform of gun control and reform is nothing for them to worry about? Kind of like #Kavanaugh is going to kill women and Gays?	OFF	TIN	IND
92519	@USER Bottom line is and should be to all is that the accusation is from 35+ yrs ago when they were minors. The judge has 60 HS students of his saying No Way! Judge managed to keep impeccable lifestyle as an adult. Accuser is a hardcore left activist (Soros antifa type who has a üî®2grd	NOT	NULL	NULL
11924	@USER @USER @USER @USER First have a very old blind guy do a polygraph on you or someone who can pass for you.  Then find a GOP office and throw a fireball through the window. Wear an antifa mask and break some university property. Maybe wear a swimsuit and say you were groped badly!	OFF	TIN	IND
69260	"FBI Couldn‚Äôt Find Trump-Russia Collusion, and Neither Could Bob Woodward""  URL #TCOT #MAGA #RedNationRising"""	NOT	NULL	NULL
30186	@USER @USER @USER I think he is on crack!	OFF	TIN	IND
48232	@USER OH I FUCKING LOVE LATEX HMU IFU GOT Q'S IVE BEEN USING IT FOR YEARS	OFF	TIN	IND
95836	@USER SAYS WHO? U DESPERATE LIBERALS? UR DIRTY TRICKS AINT GONNA WORK  KAVANAUGH WILL BE CONFIRMED #GINSBERGISNEXT  ü§£ü§£ü§£ü§£ü§£ü§£ü§£ü§£ü§£ü§£ü§£ü§£ü§£ü§£ü§£	NOT	NULL	NULL
43466	@USER Sounds like he joined #Antifa - Gov. @USER  of #WA state recently took anti- #POLICE stance won't sign certificates recognizing top 20  law enforcement officers for #Police #Combat competition excellence  #ThinBlueLine #MAGA #KAG #BlueLivesMatter #LawEnforcement #2A @USER	NOT	NULL	NULL
63057	@USER @USER @USER @USER @USER @USER @USER @USER @USER @USER @USER @USER @USER @USER @USER @USER @USER @USER @USER @USER @USER @USER @USER @USER @USER @USER @USER @USER @USER @USER @USER @USER @USER @USER @USER @USER @USER @USER @USER @USER @USER @USER @USER @USER @USER @USER @USER @USER Glad you are ok	NOT	NULL	NULL
72328	@USER @USER @USER @USER @USER @USER @USER @USER @USER @USER @USER @USER @USER @USER @USER @USER @USER @USER @USER @USER @USER @USER @USER @USER @USER @USER @USER @USER @USER @USER @USER @USER @USER @USER @USER @USER @USER @USER @USER @USER @USER @USER @USER @USER @USER @USER @USER @USER @USER @USER So you admit that you are a h1ndu?	NOT	NULL	NULL
13789	@USER Truly you are amazing sir ji ..	NOT	NULL	NULL
86956	#guns #2A 6-Time Olympic Shooting Medalist Says Gun Control Is ‚ÄòKilling Our Sport‚Äô: Six-time Olympic shooting medalist Kim Rhode said Monday night that new gun control measures implemented in her home state of California ‚Äî an URL URL	NOT	NULL	NULL
18082	@USER And we are worried about Russia election meddling? Now I understand why Google backed out of government deal when Trump was elected. This is result of company getting too big.	NOT	NULL	NULL
94883	@USER We need to stop expecting liberals to act reasonably...they murder babies...they are completely unhinged! So long as the crazies keep voting for the crazy party...you will get crazy. TDS is real!!!	NOT	NULL	NULL
16290	#stopthebias  against #Conservative #Republican #Trump #Freespeech supporters coming against #twitter ban. To slow down #liberals reporting us is to have a few million of us to report in big numbers to keep Twitter so busy the the liberals complaining be losted in the traffic	NOT	NULL	NULL
17746	@USER Safety first. There is no show without the Raven. Hope he is safe and returns soon.	NOT	NULL	NULL
32824	@USER She makes me sick.  She uses these confirmation hearings and investigations to campaign and for photo ops.  She is a junior Senator that is way out of her league.	OFF	TIN	IND
11628	"@USER @USER @USER Trump wanted to be president because he is a narcissist. He still lives a great life"" but only now we, the taxpayers, are footing the bill! Impeach Trump now!"""	OFF	TIN	IND
43235	"1/ Party Conference is a good time to remind Parties, particularly the governing party @USER what their mandate actually is and what it is not.  What exactly is the will of the people"" on #Brexit ?"""	NOT	NULL	NULL
63916	@USER THIRTY AGED ZAYN IS SEXY THOUGH JDKDKDK EVEN THOUGH IT MAKES ME EMO TOO	NOT	NULL	NULL
35594	@USER @USER @USER I use it in conversation regularly but not sure about here. But in any case she is one üòÄ	NOT	NULL	NULL
83202	@USER @USER He is a pedo.	OFF	TIN	IND
93039	@USER Maybe he is trying to throw hints at Kaycee now to ease the blow if/when he picks Angela over Kaycee. Or he is just being reckless idk.	NOT	NULL	NULL
42742	@USER @USER Fantastic match!	NOT	NULL	NULL
97692	@USER Dont be that guy.  Whoops.  Too late.  You are that guy.  Unfollowed...	NOT	NULL	NULL
19481	@USER Winston thinks she is lovely URL	NOT	NULL	NULL
14655	@USER @USER @USER He is embarrassing and just as low a human as possible to diminish the loss of life of the elderly.	OFF	TIN	IND
90880	@USER @USER @USER @USER @USER What's the difference between these two extreme right-wing Conservatives? Hint: Only one of them is acting being a B'Stard. URL	NOT	NULL	NULL
72860	@USER @USER @USER @USER @USER @USER @USER @USER @USER @USER @USER Nah they are liberals	NOT	NULL	NULL
70149	@USER He is older but that's before the Cooley days	NOT	NULL	NULL
59737	@USER @USER @USER It started with marco rubio and other conservatives.	NOT	NULL	NULL
11662	@USER True. But he is a pretty damn good QB though.	NOT	NULL	NULL
66726	@USER Why must liberals insert agendas into everything?	NOT	NULL	NULL
76857	4 UK/US DEEPSTATE NUKES INTERCEPTED HEADING FOR US CITIES. #skynews #skypapers #bbcdp #lbc #lbclive #talkradio @USER @USER #altnews #brexit #remain #london #cityoflondon #news #breakingnews #uknews #labour #tories #trump #toryparty #ukip #conservatives #christians #qanon	NOT	NULL	NULL
66102	@USER @USER @USER She did it and she is alive is greatness of Hinduism. You should try it with Quran if you have guts.	NOT	NULL	NULL
66542	@USER @USER Christine Ford is an admitted friend to Bernie Saunders and she is Known to Hobnob with other demo politicians! Most shocking word is Kavanaughs mom a Judge ruled against Fords parents in a forclosure case in mid 90sü§î	NOT	NULL	NULL
69006	@USER @USER Why??? He did Absolutely Nothing wrong. He is the victim and she is the perpetrator!!!	NOT	NULL	NULL
92199	Lying to the FBI is a crime @USER @USER @USER @USER @USER @USER @USER #MAGA #MAGAts URL	NOT	NULL	NULL
12564	@USER @USER she is a Private URL	NOT	NULL	NULL
44661	@USER No idea who he is. Sorry	NOT	NULL	NULL
18931	@USER @USER It‚Äôs unwatchable. I am careful surfing around @USER to make sure I NEVER stop even by accident on that bloody awful channel!	OFF	TIN	OTH
77459	@USER It‚Äôs just people who say they hate identity politics while going on about the left hates them for being black conservatives	OFF	TIN	GRP
77404	@USER @USER @USER Please follow Yoda Liberals	NOT	NULL	NULL
88200	@USER Bullshit! People died because of an incompetent Puerto Rican government officials. That‚Äôs already been exposed dumb ass but good try.	OFF	TIN	IND
33624	@USER She is a repulsive human in every possible level.	OFF	TIN	IND
73197	2nd highest prop tax in nation to support gov pensions 1 of 3 states where housing is worst investment More rent for less valuable housing Nations most severe increase in personal tax Illinois sucks thanks to Cook county liberals and corrupt  Mike Madigan URL	OFF	TIN	OTH
61163	@USER @USER @USER @USER I love that a graphic novels shelf was a priority - you are a most excellent librarian üëèüëèüëè	NOT	NULL	NULL
54190	@USER @USER Probably while screaming about gun control.	NOT	NULL	NULL
36515	@USER Ready for this red tsunami üåä	NOT	NULL	NULL
28037	"Thinking about the Student-Loan Crisis""  URL #TCOT #MAGA #RedNationRising"""	OFF	TIN	IND
77430	@USER   the U.S. is tying to increase the cost of drugs in Canada and Conservatives are helping him	NOT	NULL	NULL
75815	@USER @USER Damn straight he is. Nothing but good vibes coming through November üíØüíØüíØüëçüèºüëçüèºüëçüèº	OFF	UNT	NULL
79156	@USER @USER Why would they drag their feet? If they had something on you (which there isn‚Äôt)...it be out by now. TOTAL WITCH HUNT! #MAGA #BestPres45 URL	OFF	TIN	GRP
84367	@USER @USER No I have no relationship with him he is not worth the energy it would take to hate him. I have more respect for the gum stuck on the bottom of my shoe than such a selfish spoiled entitled narcissist!	OFF	TIN	IND
61634	"@USER Real question: has Ted Cruz never dropped an f-bomb in his life?  Is this something that should disqualify you from public office? Grabbing someone by the pussy"" literally &amp; verbally, is a lot more offensive to me"""	NOT	NULL	NULL
77016	#teamspotlightsunday this spotlight goes to 2 women! Meghan McDermott and Alanna McDermott. Meghan has decided to do something to make her vision come true. She is sticking to her plan and with many obstacles she still stayed the course. I am so proud of you Meghan not giving up! URL	NOT	NULL	NULL
84499	@USER Agree. That‚Äôs hatred beyond compare. Her feeling of bitterness of the Duterte Presidency and its success is evident on her tweets and articles. 2016 was really a slap on the face on the ‚Äúyellow intellectuals‚Äù .	OFF	TIN	IND
17205	@USER Bullets are cheaper.	NOT	NULL	NULL
45789	@USER Why didn't gun control stop illegals from obtaining firearms?	NOT	NULL	NULL
50151	@USER All we ever hear from Hillary is beeching &amp; moaning.  Dang ! That witch never get tired of complaining!	OFF	TIN	IND
87290	THIS SHOULD  REMIND ALL #Patriots #maga WHAT WE STAND AGAINST! #WWG1WGA  Shocking Undercover Video Exposes Communists Inside Government: ‚ÄúI Break Rules Every Day‚Äù - Sara A. Carter URL	NOT	NULL	NULL
19742	@USER @USER Simply to get the smear campaign going by the media. The democrats want a he said under oath while she‚Äôs supposed to get a pass on her she said lies. This woman is a fraud in cahoots with the liberals to delay &amp; divert until midterms.	OFF	TIN	IND
86332	@USER she is not a Republican... by any means....	OFF	UNT	NULL
36225	@USER Go to Iran where u belong stupid idiot.	OFF	TIN	IND
99475	@USER I‚Äôm sorry ... what?! I be in my BAG listening to that . &amp; after dark URL	NOT	NULL	NULL
61922	@USER @USER Lol. Except he‚Äôs the most successful president in our lifetimes. He‚Äôs undone most of the damage Obummer did and set America on the right path again. #MAGA	NOT	NULL	NULL
37301	@USER @USER When your bio is the most relevant piece of shit everü§îüëÄ	NOT	NULL	NULL
43323	Americans make great clients! But so many appraisers carry out inspections on radical clients! Radical clients hate America! #MAGA	NOT	NULL	NULL
59918	@USER @USER @USER @USER @USER She raps likes she will pop off but the only thing she popped was her butt implant. Now Remy is skinner than her even while pregnant URL	OFF	TIN	IND
37666	@USER @USER @USER @USER You should know better to use common sense with hypocritical liberals.  #KeithEllisonAbuse	OFF	TIN	GRP
16225	@USER Got a feeling every time deep state complains @USER will punish them with more declass. They are going to pay for their sins! Biglly! Who needs a plan to dump 11k docs and round up crooks?  @USER needs to geter done! #FNMA #FMCC #fanniegate #EndCorruption #LockThemAllUp #MAGA	OFF	TIN	IND
77905	@USER @USER @USER @USER @USER @USER Keep lying bud no one is listening	NOT	NULL	NULL
50445	@USER this jag off ref Tony Corrente needs to get out of the NFL. He is a bias piece of garbage. He made a HORRIBLE bad call in packer game which changed the game. He is a liar and won‚Äôt admit when he‚Äôs wrong! NFL PLEASE FIRE TONY CORRENTE	OFF	TIN	IND
16705	@USER @USER No no that‚Äôs  shaq silver back looking ass üòÇüòÇ	OFF	UNT	NULL
83365	"@USER @USER You can't be this dense. The point is the same - you can't presume someone is guilty just because they're part of a group that's a popular target.  For southern whites in the 40s, it was black men. For modern liberals, it's conservative white men. They're the devil""."""	OFF	TIN	GRP
28748	@USER Google CFO is a joke! And so is the idiot who hired her for this position.  #Googlearecorrupt   #BestuseQwant	OFF	TIN	IND
94596	#MondayMotivation Instead of #MAGA - could we please have #MAAA - Make America America Again - the rest of the world misses you!	NOT	NULL	NULL
85250	@USER she is human garbage that is what is wrong	OFF	TIN	IND
94475	@USER every antifa member is just several midget gypsies standing on each others shoulders in a big skinsuit	NOT	NULL	NULL
34150	@USER Berkeley Antifa do not agree with you URL	NOT	NULL	NULL
83400	@USER You are a great model for inspiration	NOT	NULL	NULL
84081	"@USER Chris, Chris, Chris.... Are you forgetting the mantra of every single libtard pusher of common sense gun control""? When all guns are outlawed, the criminals will voluntarily give up their guns, out of a sense of compassion."""	OFF	UNT	NULL
11244	@USER Advocate for gun control while breaking the current gun laws in place... #irony URL	NOT	NULL	NULL
71015	@USER More press should talk about this remarkable 20yr old she is the future	NOT	NULL	NULL
84413	@USER @USER #MohammadHassanKhalid is a #traitor to the #USA &amp; to his fellow #Islamists He is unlikely to enjoy a long happy healthy life based on very poor decision making skills &amp; values	NOT	NULL	NULL
37397	@USER nah it's coz you're a cunt. blocked	OFF	TIN	IND
71649	@USER Where will #Antifa get their cloths now?	NOT	NULL	NULL
20841	@USER @USER @USER She is a role model Adam you are not!	NOT	NULL	NULL
45987	@USER Cats are just special dogs	NOT	NULL	NULL
69737	@USER Best news ever for GOP.  Ready the straight jacket.	NOT	NULL	NULL
90959	@USER The entire way the dems have handled this allegation is like an Antifa action...	NOT	NULL	NULL
42904	@USER Strength is letting go of the universe. You are not your thoughts.	NOT	NULL	NULL
32598	Beto O'Rourke vs. Ted Cruz Latest Polls: Democrat Underdog Shown With Lead For First Time in Texas Senate Race - Newsweek #MAGA URL	NOT	NULL	NULL
37865	@USER @USER @USER Wow! You are good at it!üëçüëç	NOT	NULL	NULL
69084	@USER @USER @USER @USER @USER still lies just like Obama.He talks right &amp; then votes Left. He did NOT vote for the @USER TaxReform bill! Data shows 80%+ WV taxpayers use the Std Deduct &amp; child tax credits- this bill doubled their deductions WITHOUT Joe's help! Vote him OUT on Nov 6th ! #MAGA	NOT	NULL	NULL
43964	"@USER @USER Project much, do you? Every campaign flier I get in the mail from Dem candidates is about healthcare, education funding, and the wealth gap; every flier from their GOP opponents is so-and-so will stand with Nancy Pelosi and the liberals"" identity politics horseshit."""	NOT	NULL	NULL
97745	@USER Link me and knuckles then or you going to dodge like the creddy you are	NOT	NULL	NULL
86716	@USER Omg not even interested in his age but damn he is fine af üòú	OFF	TIN	IND
21033	@USER @USER oh shit you weren't joking... wtf	OFF	UNT	NULL
66832	@USER @USER @USER @USER @USER @USER @USER Bibi so looks like Stalin when Stalin was younger.  Maybe he is starting to act like him a tad. China is never your friend.	OFF	TIN	OTH
73518	@USER He is üò≠üò≠üò≠ he is so precious üíñ	NOT	NULL	NULL
51204	@USER Booooring	NOT	NULL	NULL
93164	"@USER @USER Everything else was ten years ago. ""  YOU ARE A LIAR, this is total BS propaganda from team Trump  his crimes were throughout the past decade, including up to 2016"""	OFF	TIN	IND
98218	@USER @USER @USER @USER Right. Dang. She is the s...t	NOT	NULL	NULL
94976	@USER @USER McRaven engaged in a publicity stunt. He never spoke publicly against any #CommanderInChief before he retired. A retiree issuing a challenge to the President is an empty and hollow gesture.  #MakeAmericaGreatAgain #AmericaFirst #MAGA #USAüá∫üá∏	NOT	NULL	NULL
55677	@USER @USER Oh man! You are going to trigger the fanboys/fangirls lol	NOT	NULL	NULL
17250	@USER Aw Chelsea it never ends. You are as always the better person. Much love to you and your parents.	NOT	NULL	NULL
61083	@USER ‚ÄúMy head is a fuckin egg‚Äù	OFF	UNT	NULL
39742	@USER @USER @USER @USER @USER @USER @USER @USER @USER @USER @USER @USER @USER Alt Right &amp; Antifa are for cowards. #Fact #TuesdayThoughts   URL	NOT	NULL	NULL
72262	@USER @USER Did you serve?   You rate at bottom of the barrel pal. MAGA. üá∫üá∏üá∫üá∏üá∫üá∏Go President Trump.	NOT	NULL	NULL
28996	.@USER is right to say that housing associations should be ‚Äútaking on and leading major developments themselves.‚Äù More investment by the @USER will enable them to do so.   URL	NOT	NULL	NULL
20121	@USER @USER is just trying to make good with his libnut elitist Hollywood degenerates after the roasted him in the media for questioning vaccine safety.	NOT	NULL	NULL
64713	@USER @USER I'm a Boise State fan so I can tell you two things about Kellen Moore. He is a winner and he Is cerebral. Knows he doesn't have a cannon for an arm so he fits his game into his ability. What's wrong with that? Not everyone can be Aaron Rodgers.	NOT	NULL	NULL
63482	@USER is advocating for conduct within bounds of Human Rights but can the terrorists can be categorized as Human? They kill people mostly innocent just like berserk wild beasts. Even wild beasts kill only when hungry. So I feel that the Indian Army who are doing greatly. URL	OFF	TIN	GRP
33567	@USER @USER @USER So have the conservatives accepted the antisemitism definition yet?..	NOT	NULL	NULL
22965	@USER Can we all agree that Tomlins seat is heating up? I'm tired of hearing hes safe over his regular season record. He is wasting championship opportunities and the shenanigans are getting old	NOT	NULL	NULL
11132	@USER when you coming to ohio?	NOT	NULL	NULL
87416	@USER @USER @USER @USER Liars like the Antifa twins you vigorously defend?	OFF	TIN	GRP
56034	"@USER @USER He is involved because he was there! Now he needs to man up and be at this hearing. Since when is it a choice to answer questions if you're a witness? If course his black out drunk"" phase might come into this."""	NOT	NULL	NULL
34461	@USER @USER @USER How much lonely she is and how much she misses her azeez dost and how much she needs that touch to comfort her restless head right now is all evident in this one freaking scene! Bow to these amazing actorsüíï #JenShad is major actors and couple goalsüíïüî• #AdiYa #Bepannaah	NOT	NULL	NULL
90041	@USER @USER Billy you have a short memory. Obama tried to get in commonsense gun control is especially after Sandyhook. The parents even came in and begged Congress to do something about automatic weapons. But the NRA had such a hold on Congress Democrats and repugs nothing was done	NOT	NULL	NULL
93038	@USER @USER BUT GUN CONTROL!!!	NOT	NULL	NULL
98824	@USER She is not the brightest light on the tree.	NOT	NULL	NULL
99696	@USER üòÇüòÇüòÇüòÇüòÇüòÇ if I say you are mad now you will say I'm tired of you.	NOT	NULL	NULL
17500	@USER @USER @USER @USER @USER @USER @USER @USER @USER @USER @USER @USER @USER @USER @USER @USER @USER @USER @USER @USER @USER @USER @USER @USER @USER @USER @USER @USER @USER @USER @USER @USER @USER @USER @USER @USER @USER @USER @USER @USER @USER @USER @USER @USER @USER @USER Retweet complete &amp; followed all patriots!üá∫üá∏üå™Ô∏èüö®‚ùå‚úåÔ∏è	NOT	NULL	NULL
95338	@USER Sometimes I get strong vibes from people and this man‚Äôs vibe is tens of millions of murders - he is more dangerous than DT.	OFF	TIN	IND
67210	Benidorm ‚úÖ  Creamfields ‚úÖ  Maga ‚úÖ   Not too shabby of a summer	NOT	NULL	NULL
82921	@USER And why report this garbage.  We don't give a crap.	OFF	TIN	OTH
27429	@USER Pussy	OFF	UNT	NULL
46552	#Spanishrevenge vs. #justice #HumanRights and #FreedomOfExpression #Spain is a  #fakedemocracy @USER @USER @USER @USER @USER @USER @USER @USER @USER @USER @USER @USER @USER @USER @USER #cddr #shameonSpain #WakeupEurope @USER URL	NOT	NULL	NULL
